URL,Depth,OrderWithinParent
the-problem-to-be-solved,-1,.
important-learning-and-teaching-events,-1,.
types-of-research-evidence,-1,.
the-conditions-upon-which-learning-depends,-1,.
the-effects-of-instructional-events,-1,.
the-problem-to-be-solved/the-move-from-craft-to-evidence-based-practice,0,the-problem-to-be-solved
the-problem-to-be-solved/is-a-move-from-craft-to-evidence-based-practice-possible,0,the-problem-to-be-solved
the-problem-to-be-solved/the-transition-from-craft-to-science,0,the-problem-to-be-solved
important-learning-and-teaching-events/learning-processes-learning-outcomes-and-phases-of-learning,0,important-learning-and-teaching-events
important-learning-and-teaching-events/types-of-curriculum-goals,0,important-learning-and-teaching-events
important-learning-and-teaching-events/the-learning-outcomes-hidden-inside-curriculum-goals,0,important-learning-and-teaching-events
important-learning-and-teaching-events/learning-interactions-and-their-component-events,0,important-learning-and-teaching-events
important-learning-and-teaching-events/functional-sequences-of-learning-interactions,0,important-learning-and-teaching-events
important-learning-and-teaching-events/classroom-and-context-variables,0,important-learning-and-teaching-events
types-of-research-evidence/approaches-to-research-into-learning-and-teaching,0,types-of-research-evidence
types-of-research-evidence/how-is-learning-to-be-observed-and-recorded,0,types-of-research-evidence
types-of-research-evidence/how-are-the-effects-of-teaching-on-learning-to-be-measured,0,types-of-research-evidence
types-of-research-evidence/is-a-move-to-evidence-based-teaching-practice-feasible-at-this-time,0,types-of-research-evidence
the-conditions-upon-which-learning-depends/respondent-processes,0,the-conditions-upon-which-learning-depends
the-conditions-upon-which-learning-depends/motivational-processes,0,the-conditions-upon-which-learning-depends
the-conditions-upon-which-learning-depends/shaping-processes,0,the-conditions-upon-which-learning-depends
the-conditions-upon-which-learning-depends/verbal-learning-processes,0,the-conditions-upon-which-learning-depends
the-conditions-upon-which-learning-depends/fluency-building-processes,0,the-conditions-upon-which-learning-depends
the-effects-of-instructional-events/presentation-prompting-and-practice-variables,0,the-effects-of-instructional-events
the-effects-of-instructional-events/the-effects-of-contingency-variables,0,the-effects-of-instructional-events
the-problem-to-be-solved/the-move-from-craft-to-evidence-based-practice/calls-for-change,1,the-move-from-craft-to-evidence-based-practice
the-problem-to-be-solved/the-move-from-craft-to-evidence-based-practice/what-is-to-count-as-evidence-based-practice.md,1,the-move-from-craft-to-evidence-based-practice
the-problem-to-be-solved/the-move-from-craft-to-evidence-based-practice/what-is-to-count-as-evidence,1,the-move-from-craft-to-evidence-based-practice
the-problem-to-be-solved/is-a-move-from-craft-to-evidence-based-practice-possible/how-extensive-is-the-research-in-learning-processes.md,1,is-a-move-from-craft-to-evidence-based-practice-possible
the-problem-to-be-solved/is-a-move-from-craft-to-evidence-based-practice-possible/how-extensive-is-the-research-into-teaching-processes.md,1,is-a-move-from-craft-to-evidence-based-practice-possible
the-problem-to-be-solved/the-transition-from-craft-to-science/increasing-teachers-understanding-of-learning-processes.md,1,the-transition-from-craft-to-science
the-problem-to-be-solved/the-transition-from-craft-to-science/understanding-of-the-complexities-of-classroom-practice.md,1,the-transition-from-craft-to-science
the-problem-to-be-solved/the-transition-from-craft-to-science/recognising-the-constraining-influence-of-teachers-beliefs.md,1,the-transition-from-craft-to-science
the-problem-to-be-solved/the-transition-from-craft-to-science/recognising-the-constraints-posed-by-the-nature-of-classroom-work.md,1,the-transition-from-craft-to-science
the-problem-to-be-solved/the-transition-from-craft-to-science/recognising-the-research-potential-of-teacher-education.md,1,the-transition-from-craft-to-science
the-problem-to-be-solved/the-transition-from-craft-to-science/increasing-the-size-of-the-research-establishment.md,1,the-transition-from-craft-to-science
the-problem-to-be-solved/the-transition-from-craft-to-science/improving-the-quality-of-research-into-learning-and-teaching,1,the-transition-from-craft-to-science
important-learning-and-teaching-events/learning-processes-learning-outcomes-and-phases-of-learning/what-is-learning,1,learning-processes-learning-outcomes-and-phases-of-learning
important-learning-and-teaching-events/learning-processes-learning-outcomes-and-phases-of-learning/three-important-learning-processes.md,1,learning-processes-learning-outcomes-and-phases-of-learning
important-learning-and-teaching-events/learning-processes-learning-outcomes-and-phases-of-learning/basic-types-of-acquisition-outcomes,1,learning-processes-learning-outcomes-and-phases-of-learning
important-learning-and-teaching-events/learning-processes-learning-outcomes-and-phases-of-learning/phases-of-learning,1,learning-processes-learning-outcomes-and-phases-of-learning
important-learning-and-teaching-events/types-of-curriculum-goals/what-is-curriculum,1,types-of-curriculum-goals
important-learning-and-teaching-events/types-of-curriculum-goals/the-content-of-the-english-curriculum,1,types-of-curriculum-goals
important-learning-and-teaching-events/types-of-curriculum-goals/the-content-of-the-mathematics-curriculum,1,types-of-curriculum-goals
important-learning-and-teaching-events/types-of-curriculum-goals/the-content-of-the-science-curriculum,1,types-of-curriculum-goals
important-learning-and-teaching-events/the-learning-outcomes-hidden-inside-curriculum-goals/the-skills-involved-in-learning-to-read,1,the-learning-outcomes-hidden-inside-curriculum-goals
important-learning-and-teaching-events/the-learning-outcomes-hidden-inside-curriculum-goals/the-skills-involved-in-learning-to-write,1,the-learning-outcomes-hidden-inside-curriculum-goals
important-learning-and-teaching-events/the-learning-outcomes-hidden-inside-curriculum-goals/types-of-mathematical-skills,1,the-learning-outcomes-hidden-inside-curriculum-goals
important-learning-and-teaching-events/learning-interactions-and-their-component-events/the-components-of-individual-learning-interactions,1,learning-interactions-and-their-component-events
important-learning-and-teaching-events/learning-interactions-and-their-component-events/presentations,1,learning-interactions-and-their-component-events
important-learning-and-teaching-events/learning-interactions-and-their-component-events/prompts,1,learning-interactions-and-their-component-events
important-learning-and-teaching-events/learning-interactions-and-their-component-events/practice-stimuli,1,learning-interactions-and-their-component-events
important-learning-and-teaching-events/learning-interactions-and-their-component-events/practice-responses,1,learning-interactions-and-their-component-events
important-learning-and-teaching-events/learning-interactions-and-their-component-events/consequences,1,learning-interactions-and-their-component-events
important-learning-and-teaching-events/functional-sequences-of-learning-interactions/presentation-sequences,1,functional-sequences-of-learning-interactions
important-learning-and-teaching-events/functional-sequences-of-learning-interactions/prompting-and-prompt-fading-sequences,1,functional-sequences-of-learning-interactions
important-learning-and-teaching-events/functional-sequences-of-learning-interactions/practice-response-sequences,1,functional-sequences-of-learning-interactions
important-learning-and-teaching-events/functional-sequences-of-learning-interactions/response-consequence-contingencies,1,functional-sequences-of-learning-interactions
important-learning-and-teaching-events/functional-sequences-of-learning-interactions/schedules-of-reinforcement-and-punishment,1,functional-sequences-of-learning-interactions
important-learning-and-teaching-events/functional-sequences-of-learning-interactions/contingency-errors,1,functional-sequences-of-learning-interactions
important-learning-and-teaching-events/classroom-and-context-variables/the-context-provided-by-schools-and-classrooms,1,classroom-and-context-variables
important-learning-and-teaching-events/classroom-and-context-variables/the-resources-immediately-available-for-classroom-use,1,classroom-and-context-variables
important-learning-and-teaching-events/classroom-and-context-variables/the-extent-to-which-teaching-builds-on-each-child-s-entering-skills,1,classroom-and-context-variables
important-learning-and-teaching-events/classroom-and-context-variables/the-amount-of-practice-is-provided,1,classroom-and-context-variables
important-learning-and-teaching-events/classroom-and-context-variables/monitoring-the-learning-of-individual-children,1,classroom-and-context-variables
important-learning-and-teaching-events/classroom-and-context-variables/types-of-instructional-adaptations-made-by-the-teacher.md,1,classroom-and-context-variables
types-of-research-evidence/approaches-to-research-into-learning-and-teaching/natural-science-social-science-and-ethnographic-approaches-to-research,1,approaches-to-research-into-learning-and-teaching
types-of-research-evidence/approaches-to-research-into-learning-and-teaching/which-approaches-to-research-have-learning-as-their-subject-matter,1,approaches-to-research-into-learning-and-teaching
types-of-research-evidence/approaches-to-research-into-learning-and-teaching/what-units-of-analysis-are-used-by-the-three-main-approaches-to-research,1,approaches-to-research-into-learning-and-teaching
types-of-research-evidence/approaches-to-research-into-learning-and-teaching/types-of-explanation,1,approaches-to-research-into-learning-and-teaching
types-of-research-evidence/approaches-to-research-into-learning-and-teaching/what-types-of-explanation-are-sought-by-the-three-main-approaches-to-research,1,approaches-to-research-into-learning-and-teaching
types-of-research-evidence/how-is-learning-to-be-observed-and-recorded/beliefs-about-the-nature-of-reality-and-what-can-be-observed,1,how-is-learning-to-be-observed-and-recorded
types-of-research-evidence/how-is-learning-to-be-observed-and-recorded/what-exactly-is-observed-by-the-three-main-approaches-to-research,1,how-is-learning-to-be-observed-and-recorded
types-of-research-evidence/how-is-learning-to-be-observed-and-recorded/what-are-the-main-issues-in-observing-and-recording-learning,1,how-is-learning-to-be-observed-and-recorded
types-of-research-evidence/how-is-learning-to-be-observed-and-recorded/how-is-learning-measured-in-the-three-main-approaches-to-research,1,how-is-learning-to-be-observed-and-recorded
types-of-research-evidence/how-is-learning-to-be-observed-and-recorded/what-standards-are-used-when-assessing-the-believability-of-reports-of-learning,1,how-is-learning-to-be-observed-and-recorded
types-of-research-evidence/how-is-learning-to-be-observed-and-recorded/which-approaches-to-research-are-collecting-the-most-believable-data-on-learning,1,how-is-learning-to-be-observed-and-recorded
types-of-research-evidence/how-are-the-effects-of-teaching-on-learning-to-be-measured/types-of-questions-and-the-research-methods-required-to-answer-them,1,how-are-the-effects-of-teaching-on-learning-to-be-measured
types-of-research-evidence/how-are-the-effects-of-teaching-on-learning-to-be-measured/the-relationship-detection-procedures-used-by-the-three-main-approaches-to-research,1,how-are-the-effects-of-teaching-on-learning-to-be-measured
types-of-research-evidence/how-are-the-effects-of-teaching-on-learning-to-be-measured/how-useful-are-the-relationship-detection-procedures-of-the-three-main-approaches,1,how-are-the-effects-of-teaching-on-learning-to-be-measured
types-of-research-evidence/how-are-the-effects-of-teaching-on-learning-to-be-measured/what-standards-are-used-to-evaluate-the-results-of-an-experimental-analysis,1,how-are-the-effects-of-teaching-on-learning-to-be-measured
types-of-research-evidence/how-are-the-effects-of-teaching-on-learning-to-be-measured/how-accurate-are-within-subject-and-between-group-measures-of-experimental-effects,1,how-are-the-effects-of-teaching-on-learning-to-be-measured
types-of-research-evidence/how-are-the-effects-of-teaching-on-learning-to-be-measured/the-generalisability-of-experimental-results,1,how-are-the-effects-of-teaching-on-learning-to-be-measured
types-of-research-evidence/is-a-move-to-evidence-based-teaching-practice-feasible-at-this-time/research-in-which-the-question-asked-determines-the-research-method,1,is-a-move-to-evidence-based-teaching-practice-feasible-at-this-time
types-of-research-evidence/is-a-move-to-evidence-based-teaching-practice-feasible-at-this-time/research-in-general-or-just-the-scientific-research,1,is-a-move-to-evidence-based-teaching-practice-feasible-at-this-time
types-of-research-evidence/is-a-move-to-evidence-based-teaching-practice-feasible-at-this-time/how-much-scientific-evidence-is-required-to-justify-a-change-to-evidence-based-teach-practice,1,is-a-move-to-evidence-based-teaching-practice-feasible-at-this-time
types-of-research-evidence/is-a-move-to-evidence-based-teaching-practice-feasible-at-this-time/are-discoveries-to-date-sufficient-to-justify-a-move-to-evidence-based-practice,1,is-a-move-to-evidence-based-teaching-practice-feasible-at-this-time
types-of-research-evidence/is-a-move-to-evidence-based-teaching-practice-feasible-at-this-time/progress-in-developing-an-empirical-theory-of-learning,1,is-a-move-to-evidence-based-teaching-practice-feasible-at-this-time
the-conditions-upon-which-learning-depends/respondent-processes/how-new-meanings-are-acquired,1,respondent-processes
the-conditions-upon-which-learning-depends/respondent-processes/how-likes-and-dislikes-develop,1,respondent-processes
the-conditions-upon-which-learning-depends/respondent-processes/how-fears-and-anxieties-are-learned-and-unlearned,1,respondent-processes
the-conditions-upon-which-learning-depends/motivational-processes/how-motivation-and-persistence-develop,1,motivational-processes
the-conditions-upon-which-learning-depends/shaping-processes/how-completely-new-behaviours-and-skills-are-acquired,1,shaping-processes
the-conditions-upon-which-learning-depends/shaping-processes/how-new-procedures-are-acquired,1,shaping-processes
the-conditions-upon-which-learning-depends/verbal-learning-processes/how-new-equivalence-relations-are-acquired,1,verbal-learning-processes
the-conditions-upon-which-learning-depends/verbal-learning-processes/how-conceptual-responses-are-acquired,1,verbal-learning-processes
the-conditions-upon-which-learning-depends/verbal-learning-processes/how-new-knowledge-responses-are-acquired,1,verbal-learning-processes
the-conditions-upon-which-learning-depends/fluency-building-processes/how-fluency-is-acquired,1,fluency-building-processes
the-effects-of-instructional-events/presentation-prompting-and-practice-variables/presentation-variables-and-their-effects,1,presentation-prompting-and-practice-variables
the-effects-of-instructional-events/presentation-prompting-and-practice-variables/presentation-content-variables-and-their-effects,1,presentation-prompting-and-practice-variables
the-effects-of-instructional-events/presentation-prompting-and-practice-variables/prompting-variables-and-their-effects,1,presentation-prompting-and-practice-variables
the-effects-of-instructional-events/presentation-prompting-and-practice-variables/practice-variables-and-their-effects,1,presentation-prompting-and-practice-variables
the-effects-of-instructional-events/presentation-prompting-and-practice-variables/amount-of-practice-and-its-effects,1,presentation-prompting-and-practice-variables
the-effects-of-instructional-events/presentation-prompting-and-practice-variables/practice-schedules-and-their-effects,1,presentation-prompting-and-practice-variables
the-effects-of-instructional-events/the-effects-of-contingency-variables/positive-and-negative-reinforcement-and-punishment-contingencies,1,the-effects-of-contingency-variables
the-effects-of-instructional-events/the-effects-of-contingency-variables/positive-reinforcement-contingencies-and-their-effects,1,the-effects-of-contingency-variables
the-effects-of-instructional-events/the-effects-of-contingency-variables/negative-reinforcement-contingencies-and-their-effects,1,the-effects-of-contingency-variables
the-effects-of-instructional-events/the-effects-of-contingency-variables/positive-punishment-contingencies-and-their-effects,1,the-effects-of-contingency-variables
the-effects-of-instructional-events/the-effects-of-contingency-variables/negative-punishment-contingencies-and-their-effects,1,the-effects-of-contingency-variables
the-effects-of-instructional-events/the-effects-of-contingency-variables/effects-of-removing-a-pre-existing-contingency,1,the-effects-of-contingency-variables
the-effects-of-instructional-events/the-effects-of-contingency-variables/the-reinforcement-or-punishment-of-particular-dimensions-of-performance,1,the-effects-of-contingency-variables
the-effects-of-instructional-events/the-effects-of-contingency-variables/schedules-of-reinforcement-and-punishment,1,the-effects-of-contingency-variables
the-problem-to-be-solved/the-move-from-craft-to-evidence-based-practice/calls-for-change/calls-for-an-end-to-faddism.md,2,calls-for-change
the-problem-to-be-solved/the-move-from-craft-to-evidence-based-practice/calls-for-change/calls-for-increased-accountability.md,2,calls-for-change
the-problem-to-be-solved/the-move-from-craft-to-evidence-based-practice/calls-for-change/calls-for-a-move-to-evidence-based-practice.md,2,calls-for-change
the-problem-to-be-solved/the-move-from-craft-to-evidence-based-practice/what-is-to-count-as-evidence/evidence-gathered-using-what-kinds-of-research.md,2,what-is-to-count-as-evidence
the-problem-to-be-solved/the-move-from-craft-to-evidence-based-practice/what-is-to-count-as-evidence/evidence-collected-at-what-level-of-specificity.md,2,what-is-to-count-as-evidence
the-problem-to-be-solved/the-move-from-craft-to-evidence-based-practice/what-is-to-count-as-evidence/evidence-of-what-quality.md,2,what-is-to-count-as-evidence
the-problem-to-be-solved/the-move-from-craft-to-evidence-based-practice/what-is-to-count-as-evidence/how-much-evidence.md,2,what-is-to-count-as-evidence
the-problem-to-be-solved/the-transition-from-craft-to-science/improving-the-quality-of-research-into-learning-and-teaching/scientific-advances-depend-upon-asking-the-right-questions.md,2,improving-the-quality-of-research-into-learning-and-teaching
the-problem-to-be-solved/the-transition-from-craft-to-science/improving-the-quality-of-research-into-learning-and-teaching/productive-research-uses-research-methods-which-are-fit-for-purpose.md,2,improving-the-quality-of-research-into-learning-and-teaching
the-problem-to-be-solved/the-transition-from-craft-to-science/improving-the-quality-of-research-into-learning-and-teaching/correcting-the-imbalance-and-upgrading-educational-research-methods-training.md,2,improving-the-quality-of-research-into-learning-and-teaching
the-problem-to-be-solved/the-transition-from-craft-to-science/improving-the-quality-of-research-into-learning-and-teaching/upgrading-the-quality-of-research-funded-by-the-ministry-of-education.md,2,improving-the-quality-of-research-into-learning-and-teaching
the-problem-to-be-solved/the-transition-from-craft-to-science/improving-the-quality-of-research-into-learning-and-teaching/the-way-forward.md,2,improving-the-quality-of-research-into-learning-and-teaching
important-learning-and-teaching-events/learning-processes-learning-outcomes-and-phases-of-learning/what-is-learning/learning-involves-change.md,2,what-is-learning
important-learning-and-teaching-events/learning-processes-learning-outcomes-and-phases-of-learning/what-is-learning/learning-occurs-in-individuals.md,2,what-is-learning
important-learning-and-teaching-events/learning-processes-learning-outcomes-and-phases-of-learning/what-is-learning/learning-includes-a-change-in-behaviour.md,2,what-is-learning
important-learning-and-teaching-events/learning-processes-learning-outcomes-and-phases-of-learning/what-is-learning/most-human-action-behaviour-is-purposeful.md,2,what-is-learning
important-learning-and-teaching-events/learning-processes-learning-outcomes-and-phases-of-learning/what-is-learning/actions-have-effects.md,2,what-is-learning
important-learning-and-teaching-events/learning-processes-learning-outcomes-and-phases-of-learning/what-is-learning/implications-of-this-definition.md,2,what-is-learning
important-learning-and-teaching-events/learning-processes-learning-outcomes-and-phases-of-learning/basic-types-of-acquisition-outcomes/the-acquisition-of-new-meanings.md,2,basic-types-of-acquisition-outcomes
important-learning-and-teaching-events/learning-processes-learning-outcomes-and-phases-of-learning/basic-types-of-acquisition-outcomes/the-acquisition-of-new-behaviours.md,2,basic-types-of-acquisition-outcomes
important-learning-and-teaching-events/learning-processes-learning-outcomes-and-phases-of-learning/basic-types-of-acquisition-outcomes/the-acquisition-of-new-procedures.md,2,basic-types-of-acquisition-outcomes
important-learning-and-teaching-events/learning-processes-learning-outcomes-and-phases-of-learning/basic-types-of-acquisition-outcomes/the-acquisition-of-new-equivalence-relations.md,2,basic-types-of-acquisition-outcomes
important-learning-and-teaching-events/learning-processes-learning-outcomes-and-phases-of-learning/basic-types-of-acquisition-outcomes/the-acquisition-of-new-generalisations.md,2,basic-types-of-acquisition-outcomes
important-learning-and-teaching-events/learning-processes-learning-outcomes-and-phases-of-learning/basic-types-of-acquisition-outcomes/the-acquisition-of-new-knowledge.md,2,basic-types-of-acquisition-outcomes
important-learning-and-teaching-events/learning-processes-learning-outcomes-and-phases-of-learning/phases-of-learning/the-acquisition-phase.md,2,phases-of-learning
important-learning-and-teaching-events/learning-processes-learning-outcomes-and-phases-of-learning/phases-of-learning/the-fluency-building-phase.md,2,phases-of-learning
important-learning-and-teaching-events/learning-processes-learning-outcomes-and-phases-of-learning/phases-of-learning/the-development-of-endurance.md,2,phases-of-learning
important-learning-and-teaching-events/learning-processes-learning-outcomes-and-phases-of-learning/phases-of-learning/the-generalisation-of-skills-to-new-situations.md,2,phases-of-learning
important-learning-and-teaching-events/learning-processes-learning-outcomes-and-phases-of-learning/phases-of-learning/adapting-skills-to-meet-new-task-demands.md,2,phases-of-learning
important-learning-and-teaching-events/types-of-curriculum-goals/what-is-curriculum/levels-of-specificity-in-curriculum-statements.md,2,what-is-curriculum
important-learning-and-teaching-events/types-of-curriculum-goals/what-is-curriculum/features-of-the-new-zealand-curriculum.md,2,what-is-curriculum
important-learning-and-teaching-events/types-of-curriculum-goals/what-is-curriculum/the-eight-essential-learning-areas.md,2,what-is-curriculum
important-learning-and-teaching-events/types-of-curriculum-goals/what-is-curriculum/the-five-key-competencies.md,2,what-is-curriculum
important-learning-and-teaching-events/types-of-curriculum-goals/the-content-of-the-english-curriculum/achievement-objectives-for-learning-to-read.md,2,the-content-of-the-english-curriculum
important-learning-and-teaching-events/types-of-curriculum-goals/the-content-of-the-english-curriculum/shortcomings-of-the-curriculum-statements-for-learning-to-read.md,2,the-content-of-the-english-curriculum
important-learning-and-teaching-events/types-of-curriculum-goals/the-content-of-the-english-curriculum/achievement-objectives-for-learning-to-write.md,2,the-content-of-the-english-curriculum
important-learning-and-teaching-events/types-of-curriculum-goals/the-content-of-the-english-curriculum/shortcomings-of-the-writing-curriculum.md,2,the-content-of-the-english-curriculum
important-learning-and-teaching-events/types-of-curriculum-goals/the-content-of-the-mathematics-curriculum/achievement-objectives-for-mathematics.md,2,the-content-of-the-mathematics-curriculum
important-learning-and-teaching-events/types-of-curriculum-goals/the-content-of-the-mathematics-curriculum/shortcomings-of-the-mathematics-curriculum.md,2,the-content-of-the-mathematics-curriculum
important-learning-and-teaching-events/types-of-curriculum-goals/the-content-of-the-science-curriculum/achievement-objectives-for-science.md,2,the-content-of-the-science-curriculum
important-learning-and-teaching-events/types-of-curriculum-goals/the-content-of-the-science-curriculum/shortcomings-of-the-science-curriculum.md,2,the-content-of-the-science-curriculum
important-learning-and-teaching-events/the-learning-outcomes-hidden-inside-curriculum-goals/the-skills-involved-in-learning-to-read/learning-to-discriminate-between-the-letters.md,2,the-skills-involved-in-learning-to-read
important-learning-and-teaching-events/the-learning-outcomes-hidden-inside-curriculum-goals/the-skills-involved-in-learning-to-read/learning-to-discriminate-between-the-spoken-phonemes.md,2,the-skills-involved-in-learning-to-read
important-learning-and-teaching-events/the-learning-outcomes-hidden-inside-curriculum-goals/the-skills-involved-in-learning-to-read/learning-common-grapheme-phoneme-equivalence-relations.md,2,the-skills-involved-in-learning-to-read
important-learning-and-teaching-events/the-learning-outcomes-hidden-inside-curriculum-goals/the-skills-involved-in-learning-to-read/acquiring-decoding-fluency.md,2,the-skills-involved-in-learning-to-read
important-learning-and-teaching-events/the-learning-outcomes-hidden-inside-curriculum-goals/the-skills-involved-in-learning-to-read/acquiring-an-adequate-sight-word-vocabulary.md,2,the-skills-involved-in-learning-to-read
important-learning-and-teaching-events/the-learning-outcomes-hidden-inside-curriculum-goals/the-skills-involved-in-learning-to-read/developing-reading-fluency-and-reading-comprehension.md,2,the-skills-involved-in-learning-to-read
important-learning-and-teaching-events/the-learning-outcomes-hidden-inside-curriculum-goals/the-skills-involved-in-learning-to-read/acquiring-an-adequate-receptive-vocabulary.md,2,the-skills-involved-in-learning-to-read
important-learning-and-teaching-events/the-learning-outcomes-hidden-inside-curriculum-goals/the-skills-involved-in-learning-to-write/learning-to-print-write-and-type.md,2,the-skills-involved-in-learning-to-write
important-learning-and-teaching-events/the-learning-outcomes-hidden-inside-curriculum-goals/the-skills-involved-in-learning-to-write/developing-fluency-in-printing-writing-or-typing.md,2,the-skills-involved-in-learning-to-write
important-learning-and-teaching-events/the-learning-outcomes-hidden-inside-curriculum-goals/the-skills-involved-in-learning-to-write/learning-common-phoneme-grapheme-equivalence-relations.md,2,the-skills-involved-in-learning-to-write
important-learning-and-teaching-events/the-learning-outcomes-hidden-inside-curriculum-goals/the-skills-involved-in-learning-to-write/acquiring-an-adequate-level-of-morphographic-knowledge.md,2,the-skills-involved-in-learning-to-write
important-learning-and-teaching-events/the-learning-outcomes-hidden-inside-curriculum-goals/the-skills-involved-in-learning-to-write/learning-the-equivalence-relations-for-irregularly-spelled-words.md,2,the-skills-involved-in-learning-to-write
important-learning-and-teaching-events/the-learning-outcomes-hidden-inside-curriculum-goals/the-skills-involved-in-learning-to-write/learning-the-main-grammatical-concepts-and-rules.md,2,the-skills-involved-in-learning-to-write
important-learning-and-teaching-events/the-learning-outcomes-hidden-inside-curriculum-goals/the-skills-involved-in-learning-to-write/learning-how-to-plan-compose-proof-read-and-revise-in-various-genres.md,2,the-skills-involved-in-learning-to-write
important-learning-and-teaching-events/the-learning-outcomes-hidden-inside-curriculum-goals/types-of-mathematical-skills/learning-mathematical-equivalence-relations.md,2,types-of-mathematical-skills
important-learning-and-teaching-events/the-learning-outcomes-hidden-inside-curriculum-goals/types-of-mathematical-skills/acquiring-mathematical-concepts.md,2,types-of-mathematical-skills
important-learning-and-teaching-events/the-learning-outcomes-hidden-inside-curriculum-goals/types-of-mathematical-skills/learning-mathematical-operations.md,2,types-of-mathematical-skills
important-learning-and-teaching-events/the-learning-outcomes-hidden-inside-curriculum-goals/types-of-mathematical-skills/learning-when-a-particular-procedure-should-be-used.md,2,types-of-mathematical-skills
important-learning-and-teaching-events/the-learning-outcomes-hidden-inside-curriculum-goals/types-of-mathematical-skills/the-development-of-fluency-in-mathematical-operations.md,2,types-of-mathematical-skills
important-learning-and-teaching-events/learning-interactions-and-their-component-events/the-components-of-individual-learning-interactions/the-distinction-between-stimuli-and-responses.md,2,the-components-of-individual-learning-interactions
important-learning-and-teaching-events/learning-interactions-and-their-component-events/the-components-of-individual-learning-interactions/the-distinction-between-antecedent-stimuli-and-consequences.md,2,the-components-of-individual-learning-interactions
important-learning-and-teaching-events/learning-interactions-and-their-component-events/the-components-of-individual-learning-interactions/the-distinction-between-primary-questions-and-secondary-questions.md,2,the-components-of-individual-learning-interactions
important-learning-and-teaching-events/learning-interactions-and-their-component-events/the-components-of-individual-learning-interactions/the-distinction-between-two-term-and-three-term-learning-interactions.md,2,the-components-of-individual-learning-interactions
important-learning-and-teaching-events/learning-interactions-and-their-component-events/the-components-of-individual-learning-interactions/the-distinction-between-presentations-practice-stimuli-and-prompts.md,2,the-components-of-individual-learning-interactions
important-learning-and-teaching-events/learning-interactions-and-their-component-events/the-components-of-individual-learning-interactions/interactions-which-can-and-cannot-result-in-learning.md,2,the-components-of-individual-learning-interactions
important-learning-and-teaching-events/learning-interactions-and-their-component-events/presentations/presentation-mode.md,2,presentations
important-learning-and-teaching-events/learning-interactions-and-their-component-events/presentations/presentation-content-facts-concepts-and-principles.md,2,presentations
important-learning-and-teaching-events/learning-interactions-and-their-component-events/presentations/presentation-meaningfulness.md,2,presentations
important-learning-and-teaching-events/learning-interactions-and-their-component-events/prompts/the-mode-of-the-prompt.md,2,prompts
important-learning-and-teaching-events/learning-interactions-and-their-component-events/prompts/stimulus-prompts.md,2,prompts
important-learning-and-teaching-events/learning-interactions-and-their-component-events/prompts/behaviour-prompts.md,2,prompts
important-learning-and-teaching-events/learning-interactions-and-their-component-events/prompts/copying-and-non-copying-prompts.md,2,prompts
important-learning-and-teaching-events/learning-interactions-and-their-component-events/prompts/level-of-response-control.md,2,prompts
important-learning-and-teaching-events/learning-interactions-and-their-component-events/practice-stimuli/the-mode-of-the-practice-stimulus.md,2,practice-stimuli
important-learning-and-teaching-events/learning-interactions-and-their-component-events/practice-stimuli/the-match-between-practice-stimulus-and-learning-outcome.md,2,practice-stimuli
important-learning-and-teaching-events/learning-interactions-and-their-component-events/practice-stimuli/child-initiated-and-teacher-initiated-learning-interactions.md,2,practice-stimuli
important-learning-and-teaching-events/learning-interactions-and-their-component-events/practice-responses/overt-vs-covert-responses.md,2,practice-responses
important-learning-and-teaching-events/learning-interactions-and-their-component-events/practice-responses/constructed-responses-vs-selection-responses.md,2,practice-responses
important-learning-and-teaching-events/learning-interactions-and-their-component-events/practice-responses/response-mode.md,2,practice-responses
important-learning-and-teaching-events/learning-interactions-and-their-component-events/practice-responses/types-of-practice-opportunities.md,2,practice-responses
important-learning-and-teaching-events/learning-interactions-and-their-component-events/practice-responses/response-effort.md,2,practice-responses
important-learning-and-teaching-events/learning-interactions-and-their-component-events/consequences/reinforcing-aversive-and-neutral-consequences.md,2,consequences
important-learning-and-teaching-events/learning-interactions-and-their-component-events/consequences/the-effects-of-consequences-derive-from-both-biology-and-experience.md,2,consequences
important-learning-and-teaching-events/learning-interactions-and-their-component-events/consequences/biological-reinforcers.md,2,consequences
important-learning-and-teaching-events/learning-interactions-and-their-component-events/consequences/biological-punishers.md,2,consequences
important-learning-and-teaching-events/learning-interactions-and-their-component-events/consequences/learned-reinforcers.md,2,consequences
important-learning-and-teaching-events/learning-interactions-and-their-component-events/consequences/learned-punishers.md,2,consequences
important-learning-and-teaching-events/learning-interactions-and-their-component-events/consequences/correct-answer-consequences-and-error-consequences.md,2,consequences
important-learning-and-teaching-events/learning-interactions-and-their-component-events/consequences/the-timing-of-consequences.md,2,consequences
important-learning-and-teaching-events/functional-sequences-of-learning-interactions/presentation-sequences/presentation-length.md,2,presentation-sequences
important-learning-and-teaching-events/functional-sequences-of-learning-interactions/presentation-sequences/example-range.md,2,presentation-sequences
important-learning-and-teaching-events/functional-sequences-of-learning-interactions/presentation-sequences/non-example-range.md,2,presentation-sequences
important-learning-and-teaching-events/functional-sequences-of-learning-interactions/presentation-sequences/sequencing-of-examples-and-non-examples.md,2,presentation-sequences
important-learning-and-teaching-events/functional-sequences-of-learning-interactions/prompting-and-prompt-fading-sequences/prompting-before-and-prompting-after-the-practice-stimulus.md,2,prompting-and-prompt-fading-sequences
important-learning-and-teaching-events/functional-sequences-of-learning-interactions/prompting-and-prompt-fading-sequences/the-prompt-delay-interval.md,2,prompting-and-prompt-fading-sequences
important-learning-and-teaching-events/functional-sequences-of-learning-interactions/prompting-and-prompt-fading-sequences/the-number-of-responses-prompted-at-one-time.md,2,prompting-and-prompt-fading-sequences
important-learning-and-teaching-events/functional-sequences-of-learning-interactions/prompting-and-prompt-fading-sequences/the-accuracy-level-during-practice.md,2,prompting-and-prompt-fading-sequences
important-learning-and-teaching-events/functional-sequences-of-learning-interactions/prompting-and-prompt-fading-sequences/prompt-fading-procedures.md,2,prompting-and-prompt-fading-sequences
important-learning-and-teaching-events/functional-sequences-of-learning-interactions/practice-response-sequences/number-of-practice-opportunities.md,2,practice-response-sequences
important-learning-and-teaching-events/functional-sequences-of-learning-interactions/practice-response-sequences/the-distribution-of-practice-opportunities-in-time.md,2,practice-response-sequences
important-learning-and-teaching-events/functional-sequences-of-learning-interactions/practice-response-sequences/the-size-of-the-practice-set.md,2,practice-response-sequences
important-learning-and-teaching-events/functional-sequences-of-learning-interactions/practice-response-sequences/number-of-practice-opportunities-per-response-per-session.md,2,practice-response-sequences
important-learning-and-teaching-events/functional-sequences-of-learning-interactions/practice-response-sequences/the-interspersal-ratio.md,2,practice-response-sequences
important-learning-and-teaching-events/functional-sequences-of-learning-interactions/practice-response-sequences/timed-vs-untimed-practice.md,2,practice-response-sequences
important-learning-and-teaching-events/functional-sequences-of-learning-interactions/practice-response-sequences/the-selection-and-specification-of-exit-criteria.md,2,practice-response-sequences
important-learning-and-teaching-events/functional-sequences-of-learning-interactions/response-consequence-contingencies/the-introduction-maintenance-and-withdrawal-of-contingencies.md,2,response-consequence-contingencies
important-learning-and-teaching-events/functional-sequences-of-learning-interactions/response-consequence-contingencies/positive-versus-negative-contingencies.md,2,response-consequence-contingencies
important-learning-and-teaching-events/functional-sequences-of-learning-interactions/response-consequence-contingencies/reinforcement-versus-punishment-contingencies.md,2,response-consequence-contingencies
important-learning-and-teaching-events/functional-sequences-of-learning-interactions/response-consequence-contingencies/positive-reinforcement-contingencies.md,2,response-consequence-contingencies
important-learning-and-teaching-events/functional-sequences-of-learning-interactions/response-consequence-contingencies/negative-reinforcement-contingencies.md,2,response-consequence-contingencies
important-learning-and-teaching-events/functional-sequences-of-learning-interactions/response-consequence-contingencies/recovery-contingencies.md,2,response-consequence-contingencies
important-learning-and-teaching-events/functional-sequences-of-learning-interactions/response-consequence-contingencies/positive-punishment-contingencies.md,2,response-consequence-contingencies
important-learning-and-teaching-events/functional-sequences-of-learning-interactions/response-consequence-contingencies/negative-punishment-contingencies.md,2,response-consequence-contingencies
important-learning-and-teaching-events/functional-sequences-of-learning-interactions/response-consequence-contingencies/extinction-contingencies.md,2,response-consequence-contingencies
important-learning-and-teaching-events/functional-sequences-of-learning-interactions/response-consequence-contingencies/differential-reinforcement.md,2,response-consequence-contingencies
important-learning-and-teaching-events/functional-sequences-of-learning-interactions/response-consequence-contingencies/two-types-of-differential-reinforcement-contingencies.md,2,response-consequence-contingencies
important-learning-and-teaching-events/functional-sequences-of-learning-interactions/response-consequence-contingencies/the-differential-reinforcement-of-different-performance-dimensions.md,2,response-consequence-contingencies
important-learning-and-teaching-events/functional-sequences-of-learning-interactions/response-consequence-contingencies/the-timing-of-consequences-and-the-post-response-interval.md,2,response-consequence-contingencies
important-learning-and-teaching-events/functional-sequences-of-learning-interactions/response-consequence-contingencies/the-move-from-extrinsic-to-naturally-occurring-contingencies.md,2,response-consequence-contingencies
important-learning-and-teaching-events/functional-sequences-of-learning-interactions/schedules-of-reinforcement-and-punishment/continuous-versus-intermittent-schedules.md,2,schedules-of-reinforcement-and-punishment
important-learning-and-teaching-events/functional-sequences-of-learning-interactions/schedules-of-reinforcement-and-punishment/predictable-versus-unpredictable-schedules.md,2,schedules-of-reinforcement-and-punishment
important-learning-and-teaching-events/functional-sequences-of-learning-interactions/schedules-of-reinforcement-and-punishment/time-based-schedules-versus-response-based-schedules.md,2,schedules-of-reinforcement-and-punishment
important-learning-and-teaching-events/functional-sequences-of-learning-interactions/schedules-of-reinforcement-and-punishment/the-matching-law.md,2,schedules-of-reinforcement-and-punishment
important-learning-and-teaching-events/functional-sequences-of-learning-interactions/schedules-of-reinforcement-and-punishment/the-move-from-continuous-to-intermittent-schedules-of-consequences.md,2,schedules-of-reinforcement-and-punishment
important-learning-and-teaching-events/functional-sequences-of-learning-interactions/contingency-errors/inadvertent-positive-reinforcement-of-misbehaviour.md,2,contingency-errors
important-learning-and-teaching-events/functional-sequences-of-learning-interactions/contingency-errors/inadvertent-negative-reinforcement-of-misbehaviour.md,2,contingency-errors
important-learning-and-teaching-events/functional-sequences-of-learning-interactions/contingency-errors/inadvertent-punishment-of-desired-behaviour.md,2,contingency-errors
important-learning-and-teaching-events/classroom-and-context-variables/the-context-provided-by-schools-and-classrooms/school-organisation.md,2,the-context-provided-by-schools-and-classrooms
important-learning-and-teaching-events/classroom-and-context-variables/the-context-provided-by-schools-and-classrooms/school-climate.md,2,the-context-provided-by-schools-and-classrooms
important-learning-and-teaching-events/classroom-and-context-variables/the-context-provided-by-schools-and-classrooms/clarity-of-curriculum-goals.md,2,the-context-provided-by-schools-and-classrooms
important-learning-and-teaching-events/classroom-and-context-variables/the-context-provided-by-schools-and-classrooms/the-number-of-children-in-the-class.md,2,the-context-provided-by-schools-and-classrooms
important-learning-and-teaching-events/classroom-and-context-variables/the-context-provided-by-schools-and-classrooms/the-degree-of-diversity-amongst-the-children-in-the-class.md,2,the-context-provided-by-schools-and-classrooms
important-learning-and-teaching-events/classroom-and-context-variables/the-context-provided-by-schools-and-classrooms/the-number-of-antisocial-children-in-the-class.md,2,the-context-provided-by-schools-and-classrooms
important-learning-and-teaching-events/classroom-and-context-variables/the-context-provided-by-schools-and-classrooms/the-amount-of-time-available-for-lesson-materials-preparation.md,2,the-context-provided-by-schools-and-classrooms
important-learning-and-teaching-events/classroom-and-context-variables/the-resources-immediately-available-for-classroom-use/diagnostic-assessment-resources.md,2,the-resources-immediately-available-for-classroom-use
important-learning-and-teaching-events/classroom-and-context-variables/the-resources-immediately-available-for-classroom-use/resources-for-progress-monitoring.md,2,the-resources-immediately-available-for-classroom-use
important-learning-and-teaching-events/classroom-and-context-variables/the-resources-immediately-available-for-classroom-use/teaching-resources.md,2,the-resources-immediately-available-for-classroom-use
important-learning-and-teaching-events/classroom-and-context-variables/the-resources-immediately-available-for-classroom-use/the-previously-acquired-knowledge-of-the-children-in-the-class.md,2,the-resources-immediately-available-for-classroom-use
important-learning-and-teaching-events/classroom-and-context-variables/the-resources-immediately-available-for-classroom-use/the-extent-to-which-students-are-tutoring-each-other.md,2,the-resources-immediately-available-for-classroom-use
important-learning-and-teaching-events/classroom-and-context-variables/the-resources-immediately-available-for-classroom-use/the-content-knowledge-and-pedagogical-skills-of-the-teacher.md,2,the-resources-immediately-available-for-classroom-use
important-learning-and-teaching-events/classroom-and-context-variables/the-extent-to-which-teaching-builds-on-each-child-s-entering-skills/content-prerequisites-and-method-prerequisites.md,2,the-extent-to-which-teaching-builds-on-each-child-s-entering-skills
important-learning-and-teaching-events/classroom-and-context-variables/the-extent-to-which-teaching-builds-on-each-child-s-entering-skills/the-extent-to-which-teaching-builds-on-current-content-knowledge.md,2,the-extent-to-which-teaching-builds-on-each-child-s-entering-skills
important-learning-and-teaching-events/classroom-and-context-variables/the-extent-to-which-teaching-builds-on-each-child-s-entering-skills/the-extent-to-which-missing-method-prerequisite-skills-are-taught.md,2,the-extent-to-which-teaching-builds-on-each-child-s-entering-skills
important-learning-and-teaching-events/classroom-and-context-variables/the-amount-of-practice-is-provided/he-variables-which-determine-what-counts-as-sufficient-practice.md,2,the-amount-of-practice-is-provided
important-learning-and-teaching-events/classroom-and-context-variables/the-amount-of-practice-is-provided/overcoming-practice-limitations-imposed-by-the-curriculum.md,2,the-amount-of-practice-is-provided
important-learning-and-teaching-events/classroom-and-context-variables/the-amount-of-practice-is-provided/overcoming-practice-limitation-resulting-from-teacher-beliefs.md,2,the-amount-of-practice-is-provided
important-learning-and-teaching-events/classroom-and-context-variables/the-amount-of-practice-is-provided/overcoming-practice-limitations-arising-from-class-size.md,2,the-amount-of-practice-is-provided
important-learning-and-teaching-events/classroom-and-context-variables/the-amount-of-practice-is-provided/overcoming-practice-limitations-due-to-a-lack-of-practice-materials.md,2,the-amount-of-practice-is-provided
important-learning-and-teaching-events/classroom-and-context-variables/monitoring-the-learning-of-individual-children/the-type-of-monitoring-procedure-used.md,2,monitoring-the-learning-of-individual-children
important-learning-and-teaching-events/classroom-and-context-variables/monitoring-the-learning-of-individual-children/the-number-of-outcomes-monitored.md,2,monitoring-the-learning-of-individual-children
important-learning-and-teaching-events/classroom-and-context-variables/monitoring-the-learning-of-individual-children/the-number-of-children-monitored-with-respect-to-each-of-these-outcomes.md,2,monitoring-the-learning-of-individual-children
types-of-research-evidence/approaches-to-research-into-learning-and-teaching/natural-science-social-science-and-ethnographic-approaches-to-research/natural-science-approaches-to-education-research.md,2,natural-science-social-science-and-ethnographic-approaches-to-research
types-of-research-evidence/approaches-to-research-into-learning-and-teaching/natural-science-social-science-and-ethnographic-approaches-to-research/social-science-approaches-to-education-research.md,2,natural-science-social-science-and-ethnographic-approaches-to-research
types-of-research-evidence/approaches-to-research-into-learning-and-teaching/natural-science-social-science-and-ethnographic-approaches-to-research/ethnographic-approaches-to-education-research.md,2,natural-science-social-science-and-ethnographic-approaches-to-research
types-of-research-evidence/approaches-to-research-into-learning-and-teaching/which-approaches-to-research-have-learning-as-their-subject-matter/what-is-the-subject-matter-of-behaviour-analysis-research.md,2,which-approaches-to-research-have-learning-as-their-subject-matter
types-of-research-evidence/approaches-to-research-into-learning-and-teaching/which-approaches-to-research-have-learning-as-their-subject-matter/what-is-the-subject-matter-of-cognitive-science.md,2,which-approaches-to-research-have-learning-as-their-subject-matter
types-of-research-evidence/approaches-to-research-into-learning-and-teaching/which-approaches-to-research-have-learning-as-their-subject-matter/what-is-the-subject-matter-of-qualitative-research.md,2,which-approaches-to-research-have-learning-as-their-subject-matter
types-of-research-evidence/approaches-to-research-into-learning-and-teaching/what-units-of-analysis-are-used-by-the-three-main-approaches-to-research/the-units-of-analysis-employed-by-behaviour-analysts.md,2,what-units-of-analysis-are-used-by-the-three-main-approaches-to-research
types-of-research-evidence/approaches-to-research-into-learning-and-teaching/what-units-of-analysis-are-used-by-the-three-main-approaches-to-research/the-units-of-analysis-employed-by-cognitive-scientists.md,2,what-units-of-analysis-are-used-by-the-three-main-approaches-to-research
types-of-research-evidence/approaches-to-research-into-learning-and-teaching/what-units-of-analysis-are-used-by-the-three-main-approaches-to-research/the-units-of-analysis-employed-by-ethnographers.md,2,what-units-of-analysis-are-used-by-the-three-main-approaches-to-research
types-of-research-evidence/approaches-to-research-into-learning-and-teaching/types-of-explanation/explanations-in-a-physical-vocabulary-and-in-a-non-physical-vocabulary.md,2,types-of-explanation
types-of-research-evidence/approaches-to-research-into-learning-and-teaching/types-of-explanation/immediate-cause-explanations-and-historical-explanations.md,2,types-of-explanation
types-of-research-evidence/approaches-to-research-into-learning-and-teaching/types-of-explanation/some-common-types-of-immediate-cause-explanations.md,2,types-of-explanation
types-of-research-evidence/approaches-to-research-into-learning-and-teaching/what-types-of-explanation-are-sought-by-the-three-main-approaches-to-research/the-types-of-explanation-sought-by-behaviour-analysts.md,2,what-types-of-explanation-are-sought-by-the-three-main-approaches-to-research
types-of-research-evidence/approaches-to-research-into-learning-and-teaching/what-types-of-explanation-are-sought-by-the-three-main-approaches-to-research/the-types-of-explanation-sought-by-cognitive-scientists.md,2,what-types-of-explanation-are-sought-by-the-three-main-approaches-to-research
types-of-research-evidence/approaches-to-research-into-learning-and-teaching/what-types-of-explanation-are-sought-by-the-three-main-approaches-to-research/the-types-of-explanation-sought-by-ethnographers.md,2,what-types-of-explanation-are-sought-by-the-three-main-approaches-to-research
types-of-research-evidence/how-is-learning-to-be-observed-and-recorded/beliefs-about-the-nature-of-reality-and-what-can-be-observed/assumptions-about-the-nature-of-reality.md,2,beliefs-about-the-nature-of-reality-and-what-can-be-observed
types-of-research-evidence/how-is-learning-to-be-observed-and-recorded/beliefs-about-the-nature-of-reality-and-what-can-be-observed/assumptions-about-what-can-be-accomplished-by-observation.md,2,beliefs-about-the-nature-of-reality-and-what-can-be-observed
types-of-research-evidence/how-is-learning-to-be-observed-and-recorded/what-exactly-is-observed-by-the-three-main-approaches-to-research/do-behaviour-analysts-study-events-which-can-be-observed-in-practice.md,2,what-exactly-is-observed-by-the-three-main-approaches-to-research
types-of-research-evidence/how-is-learning-to-be-observed-and-recorded/what-exactly-is-observed-by-the-three-main-approaches-to-research/do-cognitive-scientists-study-events-which-can-be-observed-in-practice.md,2,what-exactly-is-observed-by-the-three-main-approaches-to-research
types-of-research-evidence/how-is-learning-to-be-observed-and-recorded/what-exactly-is-observed-by-the-three-main-approaches-to-research/do-ethnographers-study-events-which-can-be-observed-in-practice.md,2,what-exactly-is-observed-by-the-three-main-approaches-to-research
types-of-research-evidence/how-is-learning-to-be-observed-and-recorded/what-are-the-main-issues-in-observing-and-recording-learning/indirect-vs-direct-measures-of-behaviour-change.md,2,what-are-the-main-issues-in-observing-and-recording-learning
types-of-research-evidence/how-is-learning-to-be-observed-and-recorded/what-are-the-main-issues-in-observing-and-recording-learning/how-many-observations-should-be-made-during-the-course-of-a-change.md,2,what-are-the-main-issues-in-observing-and-recording-learning
types-of-research-evidence/how-is-learning-to-be-observed-and-recorded/what-are-the-main-issues-in-observing-and-recording-learning/qualitative-or-quantitative-descriptions-of-change.md,2,what-are-the-main-issues-in-observing-and-recording-learning
types-of-research-evidence/how-is-learning-to-be-observed-and-recorded/what-are-the-main-issues-in-observing-and-recording-learning/vaganotic-or-idemnotic-measures-of-change.md,2,what-are-the-main-issues-in-observing-and-recording-learning
types-of-research-evidence/how-is-learning-to-be-observed-and-recorded/what-are-the-main-issues-in-observing-and-recording-learning/should-conclusions-be-based-on-the-performance-of-individuals-or-of-groups.md,2,what-are-the-main-issues-in-observing-and-recording-learning
types-of-research-evidence/how-is-learning-to-be-observed-and-recorded/how-is-learning-measured-in-the-three-main-approaches-to-research/how-do-behaviour-analysts-observe-and-measure-learning.md,2,how-is-learning-measured-in-the-three-main-approaches-to-research
types-of-research-evidence/how-is-learning-to-be-observed-and-recorded/how-is-learning-measured-in-the-three-main-approaches-to-research/how-do-cognitive-scientists-observe-and-measure-learning.md,2,how-is-learning-measured-in-the-three-main-approaches-to-research
types-of-research-evidence/how-is-learning-to-be-observed-and-recorded/how-is-learning-measured-in-the-three-main-approaches-to-research/how-do-ethnographers-observe-and-measure-learning.md,2,how-is-learning-measured-in-the-three-main-approaches-to-research
types-of-research-evidence/how-is-learning-to-be-observed-and-recorded/what-standards-are-used-when-assessing-the-believability-of-reports-of-learning/reliability-threats-to-reliability-and-the-assessment-of-reliability.md,2,what-standards-are-used-when-assessing-the-believability-of-reports-of-learning
types-of-research-evidence/how-is-learning-to-be-observed-and-recorded/what-standards-are-used-when-assessing-the-believability-of-reports-of-learning/accuracy-threats-to-accuracy-and-the-assessment-of-accuracy.md,2,what-standards-are-used-when-assessing-the-believability-of-reports-of-learning
types-of-research-evidence/how-is-learning-to-be-observed-and-recorded/what-standards-are-used-when-assessing-the-believability-of-reports-of-learning/measurement-validity-threats-to-validity-and-the-assessment-of-validity.md,2,what-standards-are-used-when-assessing-the-believability-of-reports-of-learning
types-of-research-evidence/how-is-learning-to-be-observed-and-recorded/which-approaches-to-research-are-collecting-the-most-believable-data-on-learning/believability-of-the-data-collected-by-behaviour-analysts.md,2,which-approaches-to-research-are-collecting-the-most-believable-data-on-learning
types-of-research-evidence/how-is-learning-to-be-observed-and-recorded/which-approaches-to-research-are-collecting-the-most-believable-data-on-learning/believability-of-the-data-collected-by-cognitive-scientists.md,2,which-approaches-to-research-are-collecting-the-most-believable-data-on-learning
types-of-research-evidence/how-is-learning-to-be-observed-and-recorded/which-approaches-to-research-are-collecting-the-most-believable-data-on-learning/believability-of-the-data-collected-by-ethnographers.md,2,which-approaches-to-research-are-collecting-the-most-believable-data-on-learning
types-of-research-evidence/how-are-the-effects-of-teaching-on-learning-to-be-measured/types-of-questions-and-the-research-methods-required-to-answer-them/descriptive-questions-and-relational-questions.md,2,types-of-questions-and-the-research-methods-required-to-answer-them
types-of-research-evidence/how-are-the-effects-of-teaching-on-learning-to-be-measured/types-of-questions-and-the-research-methods-required-to-answer-them/three-types-of-relationships.md,2,types-of-questions-and-the-research-methods-required-to-answer-them
types-of-research-evidence/how-are-the-effects-of-teaching-on-learning-to-be-measured/types-of-questions-and-the-research-methods-required-to-answer-them/descriptive-correlational-and-experimental-procedures.md,2,types-of-questions-and-the-research-methods-required-to-answer-them
types-of-research-evidence/how-are-the-effects-of-teaching-on-learning-to-be-measured/types-of-questions-and-the-research-methods-required-to-answer-them/distinguishing-between-independent-variables-and-dependent-variables.md,2,types-of-questions-and-the-research-methods-required-to-answer-them
types-of-research-evidence/how-are-the-effects-of-teaching-on-learning-to-be-measured/types-of-questions-and-the-research-methods-required-to-answer-them/between-groups-experiments-and-within-subject-experiments.md,2,types-of-questions-and-the-research-methods-required-to-answer-them
types-of-research-evidence/how-are-the-effects-of-teaching-on-learning-to-be-measured/the-relationship-detection-procedures-used-by-the-three-main-approaches-to-research/the-relationship-detection-procedures-used-by-behaviour-analysts.md,2,the-relationship-detection-procedures-used-by-the-three-main-approaches-to-research
types-of-research-evidence/how-are-the-effects-of-teaching-on-learning-to-be-measured/the-relationship-detection-procedures-used-by-the-three-main-approaches-to-research/the-relationship-detection-procedures-used-by-cognitive-scientists.md,2,the-relationship-detection-procedures-used-by-the-three-main-approaches-to-research
types-of-research-evidence/how-are-the-effects-of-teaching-on-learning-to-be-measured/the-relationship-detection-procedures-used-by-the-three-main-approaches-to-research/the-relationship-detection-procedures-of-the-ethnographer.md,2,the-relationship-detection-procedures-used-by-the-three-main-approaches-to-research
types-of-research-evidence/how-are-the-effects-of-teaching-on-learning-to-be-measured/how-useful-are-the-relationship-detection-procedures-of-the-three-main-approaches/how-useful-are-the-experimental-procedures-of-the-behaviour-analyst.md,2,how-useful-are-the-relationship-detection-procedures-of-the-three-main-approaches
types-of-research-evidence/how-are-the-effects-of-teaching-on-learning-to-be-measured/how-useful-are-the-relationship-detection-procedures-of-the-three-main-approaches/how-useful-are-the-correlational-procedures-of-the-cognitive-scientist.md,2,how-useful-are-the-relationship-detection-procedures-of-the-three-main-approaches
types-of-research-evidence/how-are-the-effects-of-teaching-on-learning-to-be-measured/how-useful-are-the-relationship-detection-procedures-of-the-three-main-approaches/how-useful-are-the-experimental-procedures-of-the-cognitive-scientist.md,2,how-useful-are-the-relationship-detection-procedures-of-the-three-main-approaches
types-of-research-evidence/how-are-the-effects-of-teaching-on-learning-to-be-measured/what-standards-are-used-to-evaluate-the-results-of-an-experimental-analysis/the-reliability-reproducibility-of-the-experimental-procedure.md,2,what-standards-are-used-to-evaluate-the-results-of-an-experimental-analysis
types-of-research-evidence/how-are-the-effects-of-teaching-on-learning-to-be-measured/what-standards-are-used-to-evaluate-the-results-of-an-experimental-analysis/the-accuracy-of-the-measure-of-experimental-effects.md,2,what-standards-are-used-to-evaluate-the-results-of-an-experimental-analysis
types-of-research-evidence/how-are-the-effects-of-teaching-on-learning-to-be-measured/what-standards-are-used-to-evaluate-the-results-of-an-experimental-analysis/the-validity-of-the-conclusions-drawn-from-the-experimental-results.md,2,what-standards-are-used-to-evaluate-the-results-of-an-experimental-analysis
types-of-research-evidence/how-are-the-effects-of-teaching-on-learning-to-be-measured/what-standards-are-used-to-evaluate-the-results-of-an-experimental-analysis/the-chain-of-inference-which-is-involved-in-interpreting-experimental-effects.md,2,what-standards-are-used-to-evaluate-the-results-of-an-experimental-analysis
types-of-research-evidence/how-are-the-effects-of-teaching-on-learning-to-be-measured/how-accurate-are-within-subject-and-between-group-measures-of-experimental-effects/how-accurate-are-the-behaviour-analysts-attempts-to-measure-experimental-effects.md,2,how-accurate-are-within-subject-and-between-group-measures-of-experimental-effects
types-of-research-evidence/how-are-the-effects-of-teaching-on-learning-to-be-measured/how-accurate-are-within-subject-and-between-group-measures-of-experimental-effects/how-accurate-are-the-cognitive-scientists-attempts-to-measure-experimental-effects.md,2,how-accurate-are-within-subject-and-between-group-measures-of-experimental-effects
types-of-research-evidence/how-are-the-effects-of-teaching-on-learning-to-be-measured/how-accurate-are-within-subject-and-between-group-measures-of-experimental-effects/problems-arising-from-the-inappropriate-use-of-significance-testing-procedures.md,2,how-accurate-are-within-subject-and-between-group-measures-of-experimental-effects
types-of-research-evidence/how-are-the-effects-of-teaching-on-learning-to-be-measured/how-accurate-are-within-subject-and-between-group-measures-of-experimental-effects/problems-inherent-in-the-hypothetico-deductive-method-practised-by-social-scientists.md,2,how-accurate-are-within-subject-and-between-group-measures-of-experimental-effects
types-of-research-evidence/how-are-the-effects-of-teaching-on-learning-to-be-measured/the-generalisability-of-experimental-results/do-behaviour-analysts-explore-the-generalisability-of-their-experimental-findings.md,2,the-generalisability-of-experimental-results
types-of-research-evidence/how-are-the-effects-of-teaching-on-learning-to-be-measured/the-generalisability-of-experimental-results/do-cognitive-scientists-explore-the-generalisability-of-their-experimental-findings.md,2,the-generalisability-of-experimental-results
types-of-research-evidence/is-a-move-to-evidence-based-teaching-practice-feasible-at-this-time/research-in-which-the-question-asked-determines-the-research-method/questions-which-can-and-cannot-be-addressed-by-behaviour-analysis-methods.md,2,research-in-which-the-question-asked-determines-the-research-method
types-of-research-evidence/is-a-move-to-evidence-based-teaching-practice-feasible-at-this-time/research-in-which-the-question-asked-determines-the-research-method/questions-which-can-and-cannot-be-addressed-by-social-science-research.md,2,research-in-which-the-question-asked-determines-the-research-method
types-of-research-evidence/is-a-move-to-evidence-based-teaching-practice-feasible-at-this-time/research-in-which-the-question-asked-determines-the-research-method/questions-which-can-and-cannot-be-addressed-by-ethnographic-methods.md,2,research-in-which-the-question-asked-determines-the-research-method
types-of-research-evidence/is-a-move-to-evidence-based-teaching-practice-feasible-at-this-time/research-in-general-or-just-the-scientific-research/arguments-for-and-against-using-only-the-results-of-scientific-research.md,2,research-in-general-or-just-the-scientific-research
types-of-research-evidence/is-a-move-to-evidence-based-teaching-practice-feasible-at-this-time/research-in-general-or-just-the-scientific-research/is-the-behaviour-analysis-approach-a-scientific-approach.md,2,research-in-general-or-just-the-scientific-research
types-of-research-evidence/is-a-move-to-evidence-based-teaching-practice-feasible-at-this-time/research-in-general-or-just-the-scientific-research/is-the-social-science-approach-a-scientific-approach.md,2,research-in-general-or-just-the-scientific-research
types-of-research-evidence/is-a-move-to-evidence-based-teaching-practice-feasible-at-this-time/research-in-general-or-just-the-scientific-research/is-the-ethnographic-approach-a-scientific-approach.md,2,research-in-general-or-just-the-scientific-research
types-of-research-evidence/is-a-move-to-evidence-based-teaching-practice-feasible-at-this-time/research-in-general-or-just-the-scientific-research/what-is-to-count-as-evidence-in-the-move-to-evidence-based-practice.md,2,research-in-general-or-just-the-scientific-research
types-of-research-evidence/is-a-move-to-evidence-based-teaching-practice-feasible-at-this-time/how-much-scientific-evidence-is-required-to-justify-a-change-to-evidence-based-teach-practice/levels-of-empirical-support.md,2,how-much-scientific-evidence-is-required-to-justify-a-change-to-evidence-based-teach-practice
types-of-research-evidence/is-a-move-to-evidence-based-teaching-practice-feasible-at-this-time/are-discoveries-to-date-sufficient-to-justify-a-move-to-evidence-based-practice/is-there-a-corpus-of-research-which-could-be-used-to-guide-developments-in-teaching.md,2,are-discoveries-to-date-sufficient-to-justify-a-move-to-evidence-based-practice
types-of-research-evidence/is-a-move-to-evidence-based-teaching-practice-feasible-at-this-time/are-discoveries-to-date-sufficient-to-justify-a-move-to-evidence-based-practice/is-scientific-research-stimulating-technological-developments-in-teaching.md,2,are-discoveries-to-date-sufficient-to-justify-a-move-to-evidence-based-practice
types-of-research-evidence/is-a-move-to-evidence-based-teaching-practice-feasible-at-this-time/progress-in-developing-an-empirical-theory-of-learning/progress-made-by-behaviour-analysts-in-developing-an-explanatory-theory.md,2,progress-in-developing-an-empirical-theory-of-learning
types-of-research-evidence/is-a-move-to-evidence-based-teaching-practice-feasible-at-this-time/progress-in-developing-an-empirical-theory-of-learning/progress-made-by-cognitive-scientists-in-developing-an-explanatory-theory.md,2,progress-in-developing-an-empirical-theory-of-learning
types-of-research-evidence/is-a-move-to-evidence-based-teaching-practice-feasible-at-this-time/progress-in-developing-an-empirical-theory-of-learning/progress-made-by-qualitative-researchers-in-developing-an-explanatory-theory.md,2,progress-in-developing-an-empirical-theory-of-learning
the-conditions-upon-which-learning-depends/respondent-processes/how-new-meanings-are-acquired/conditions-necessary-for-the-acquisition-of-new-meanings.md,2,how-new-meanings-are-acquired
the-conditions-upon-which-learning-depends/respondent-processes/how-new-meanings-are-acquired/conditions-which-may-affect-the-acquisition-of-new-meanings.md,2,how-new-meanings-are-acquired
the-conditions-upon-which-learning-depends/respondent-processes/how-likes-and-dislikes-develop/conditions-necessary-for-the-development-of-a-liking-for.md,2,how-likes-and-dislikes-develop
the-conditions-upon-which-learning-depends/respondent-processes/how-likes-and-dislikes-develop/conditions-which-may-affect-the-development-of-new-likes-and-dislikes.md,2,how-likes-and-dislikes-develop
the-conditions-upon-which-learning-depends/respondent-processes/how-fears-and-anxieties-are-learned-and-unlearned/conditions-necessary-for-the-acquisition-of-a-new-anxiety/fear-response.md,3,conditions-necessary-for-the-acquisition-of-a-new-anxiety
the-conditions-upon-which-learning-depends/respondent-processes/how-fears-and-anxieties-are-learned-and-unlearned/conditions-which-may-affect-the-acquisition-of-new-fear/anxiety-responses.md,3,conditions-which-may-affect-the-acquisition-of-new-fear
the-conditions-upon-which-learning-depends/respondent-processes/how-fears-and-anxieties-are-learned-and-unlearned/conditions-necessary-for-the-extinction-of-conditioned-anxiety/fear-responses.md,3,conditions-necessary-for-the-extinction-of-conditioned-anxiety
the-conditions-upon-which-learning-depends/respondent-processes/how-fears-and-anxieties-are-learned-and-unlearned/conditions-which-may-affect-the-extinction-of-a-conditioned-fear/anxiety-response.md,3,conditions-which-may-affect-the-extinction-of-a-conditioned-fear
the-conditions-upon-which-learning-depends/motivational-processes/how-motivation-and-persistence-develop/necessary-condition-1-the-matching-law-for-positive-reinforcement.md,2,how-motivation-and-persistence-develop
the-conditions-upon-which-learning-depends/motivational-processes/how-motivation-and-persistence-develop/necessary-condition-2-the-matching-law-for-negative-reinforcement.md,2,how-motivation-and-persistence-develop
the-conditions-upon-which-learning-depends/motivational-processes/how-motivation-and-persistence-develop/conditions-which-may-affect-motivation.md,2,how-motivation-and-persistence-develop
the-conditions-upon-which-learning-depends/shaping-processes/how-completely-new-behaviours-and-skills-are-acquired/necessary-condition-1-the-opportunity-to-observe-models-of-competent-performance.md,2,how-completely-new-behaviours-and-skills-are-acquired
the-conditions-upon-which-learning-depends/shaping-processes/how-completely-new-behaviours-and-skills-are-acquired/necessary-condition-2-the-opportunity-to-practise.md,2,how-completely-new-behaviours-and-skills-are-acquired
the-conditions-upon-which-learning-depends/shaping-processes/how-completely-new-behaviours-and-skills-are-acquired/necessary-condition-3-the-differential-reinforcement-of-improvements-in-performance.md,2,how-completely-new-behaviours-and-skills-are-acquired
the-conditions-upon-which-learning-depends/shaping-processes/how-completely-new-behaviours-and-skills-are-acquired/conditions-which-can-accelerate-the-acquisition-of-new-behaviours.md,2,how-completely-new-behaviours-and-skills-are-acquired
the-conditions-upon-which-learning-depends/shaping-processes/how-new-procedures-are-acquired/necessary-conditions-1-the-opportunity-to-learn-the-sequence-of-steps.md,2,how-new-procedures-are-acquired
the-conditions-upon-which-learning-depends/shaping-processes/how-new-procedures-are-acquired/necessary-conditions-2-the-opportunity-to-engage-in-unprompted-practice.md,2,how-new-procedures-are-acquired
the-conditions-upon-which-learning-depends/shaping-processes/how-new-procedures-are-acquired/necessary-condition-3-differential-reinforcement-of-satisfactory-performances.md,2,how-new-procedures-are-acquired
the-conditions-upon-which-learning-depends/shaping-processes/how-new-procedures-are-acquired/necessary-condition-4-sufficient-practice-to-ensure-mastery.md,2,how-new-procedures-are-acquired
the-conditions-upon-which-learning-depends/shaping-processes/how-new-procedures-are-acquired/conditions-which-may-affect-the-acquisition-of-new-procedures.md,2,how-new-procedures-are-acquired
the-conditions-upon-which-learning-depends/verbal-learning-processes/how-new-equivalence-relations-are-acquired/necessary-condition-1-prompting-of-the-correct-responses.md,2,how-new-equivalence-relations-are-acquired
the-conditions-upon-which-learning-depends/verbal-learning-processes/how-new-equivalence-relations-are-acquired/necessary-condition-2-the-opportunity-to-engage-in-discrimination-practice.md,2,how-new-equivalence-relations-are-acquired
the-conditions-upon-which-learning-depends/verbal-learning-processes/how-new-equivalence-relations-are-acquired/necessary-condition-3-differential-reinforcement-for-correct-responses,2,how-new-equivalence-relations-are-acquired
the-conditions-upon-which-learning-depends/verbal-learning-processes/how-new-equivalence-relations-are-acquired/necessary-condition-4-sufficient-practice-to-ensure-retention.md,2,how-new-equivalence-relations-are-acquired
the-conditions-upon-which-learning-depends/verbal-learning-processes/how-new-equivalence-relations-are-acquired/conditions-which-may-affect-the-learning-of-equivalence-relations.md,2,how-new-equivalence-relations-are-acquired
the-conditions-upon-which-learning-depends/verbal-learning-processes/how-conceptual-responses-are-acquired/necessary-condition-1-prompting-of-correct-responses.md,2,how-conceptual-responses-are-acquired
the-conditions-upon-which-learning-depends/verbal-learning-processes/how-conceptual-responses-are-acquired/necessary-condition-2-examples-which-illustrate-the-full-extent-of-the-generalisation.md,2,how-conceptual-responses-are-acquired
the-conditions-upon-which-learning-depends/verbal-learning-processes/how-conceptual-responses-are-acquired/necessary-condition-3-discrimination-practice.md,2,how-conceptual-responses-are-acquired
the-conditions-upon-which-learning-depends/verbal-learning-processes/how-conceptual-responses-are-acquired/necessary-condition-4-differential-reinforcement-for-correct-responses.md,2,how-conceptual-responses-are-acquired
the-conditions-upon-which-learning-depends/verbal-learning-processes/how-conceptual-responses-are-acquired/necessary-condition-5-sufficient-practice-to-ensure-retention.md,2,how-conceptual-responses-are-acquired
the-conditions-upon-which-learning-depends/verbal-learning-processes/how-conceptual-responses-are-acquired/conditions-which-may-accelerate-the-learning-of-new-concepts-and-generalisations.md,2,how-conceptual-responses-are-acquired
the-conditions-upon-which-learning-depends/verbal-learning-processes/how-new-knowledge-responses-are-acquired/necessary-condition-1-all-essential-information-in-a-form-which-can-be-referred-to-repeatedly.md,2,how-new-knowledge-responses-are-acquired
the-conditions-upon-which-learning-depends/verbal-learning-processes/how-new-knowledge-responses-are-acquired/necessary-condition-2-sufficient-interactions-with-each-proposition-to-ensure-retention.md,2,how-new-knowledge-responses-are-acquired
the-conditions-upon-which-learning-depends/verbal-learning-processes/how-new-knowledge-responses-are-acquired/necessary-condition-3-differential-reinforcement-for-correct-responses.md,2,how-new-knowledge-responses-are-acquired
the-conditions-upon-which-learning-depends/verbal-learning-processes/how-new-knowledge-responses-are-acquired/conditions-which-may-accelerate-the-learning-of-new-knowledge-responses.md,2,how-new-knowledge-responses-are-acquired
the-conditions-upon-which-learning-depends/fluency-building-processes/how-fluency-is-acquired/necessary-condition-1-practice-activities-in-which-increases-in-speed-are-possible.md,2,how-fluency-is-acquired
the-conditions-upon-which-learning-depends/fluency-building-processes/how-fluency-is-acquired/necessary-condition-2-regular-assessment-of-accuracy-rate-and-reinforcement-for-increases-in-accuracy-rate.md,2,how-fluency-is-acquired
the-conditions-upon-which-learning-depends/fluency-building-processes/how-fluency-is-acquired/necessary-condition-3-sufficient-timed-practice-to-achieve-the-fluency-goal.md,2,how-fluency-is-acquired
the-conditions-upon-which-learning-depends/fluency-building-processes/how-fluency-is-acquired/conditions-which-may-affect-the-development-of-fluency.md,2,how-fluency-is-acquired
the-effects-of-instructional-events/presentation-prompting-and-practice-variables/presentation-variables-and-their-effects/effects-of-presentation-mode.md,2,presentation-variables-and-their-effects
the-effects-of-instructional-events/presentation-prompting-and-practice-variables/presentation-variables-and-their-effects/effects-of-presentation-meaningfulness.md,2,presentation-variables-and-their-effects
the-effects-of-instructional-events/presentation-prompting-and-practice-variables/presentation-variables-and-their-effects/effects-of-presentation-length.md,2,presentation-variables-and-their-effects
the-effects-of-instructional-events/presentation-prompting-and-practice-variables/presentation-content-variables-and-their-effects/effects-of-positive-example-range.md,2,presentation-content-variables-and-their-effects
the-effects-of-instructional-events/presentation-prompting-and-practice-variables/presentation-content-variables-and-their-effects/effects-of-negative-example-range.md,2,presentation-content-variables-and-their-effects
the-effects-of-instructional-events/presentation-prompting-and-practice-variables/presentation-content-variables-and-their-effects/effects-of-different-example-sequencing-procedures.md,2,presentation-content-variables-and-their-effects
the-effects-of-instructional-events/presentation-prompting-and-practice-variables/presentation-content-variables-and-their-effects/effects-of-general-case-teaching-procedures.md,2,presentation-content-variables-and-their-effects
the-effects-of-instructional-events/presentation-prompting-and-practice-variables/prompting-variables-and-their-effects/effects-of-varying-the-number-of-responses-prompted-at-one-time.md,2,prompting-variables-and-their-effects
the-effects-of-instructional-events/presentation-prompting-and-practice-variables/prompting-variables-and-their-effects/effects-of-variations-in-the-ratio-of-prompted-to-unprompted-responses.md,2,prompting-variables-and-their-effects
the-effects-of-instructional-events/presentation-prompting-and-practice-variables/prompting-variables-and-their-effects/effects-of-copying-and-non-copying-prompts.md,2,prompting-variables-and-their-effects
the-effects-of-instructional-events/presentation-prompting-and-practice-variables/prompting-variables-and-their-effects/effects-of-prompting-before-during-and-after-presentation-of-the-practice-stimulus.md,2,prompting-variables-and-their-effects
the-effects-of-instructional-events/presentation-prompting-and-practice-variables/prompting-variables-and-their-effects/effects-of-varying-the-prompt-delay-interval.md,2,prompting-variables-and-their-effects
the-effects-of-instructional-events/presentation-prompting-and-practice-variables/prompting-variables-and-their-effects/effects-of-variations-in-the-accuracy-level-of-responding-during-instruction.md,2,prompting-variables-and-their-effects
the-effects-of-instructional-events/presentation-prompting-and-practice-variables/prompting-variables-and-their-effects/effects-of-stimulus-prompts-and-behaviour-prompts.md,2,prompting-variables-and-their-effects
the-effects-of-instructional-events/presentation-prompting-and-practice-variables/prompting-variables-and-their-effects/effects-of-different-types-of-stimulus-prompts.md,2,prompting-variables-and-their-effects
the-effects-of-instructional-events/presentation-prompting-and-practice-variables/prompting-variables-and-their-effects/effects-of-different-procedures-for-fading-stimulus-prompts.md,2,prompting-variables-and-their-effects
the-effects-of-instructional-events/presentation-prompting-and-practice-variables/prompting-variables-and-their-effects/effects-of-different-types-of-behaviour-prompts.md,2,prompting-variables-and-their-effects
the-effects-of-instructional-events/presentation-prompting-and-practice-variables/prompting-variables-and-their-effects/effects-of-different-procedures-for-fading-behaviour-prompts.md,2,prompting-variables-and-their-effects
the-effects-of-instructional-events/presentation-prompting-and-practice-variables/practice-variables-and-their-effects/effects-of-child-initiated-and-teacher-initiated-learning-interactions.md,2,practice-variables-and-their-effects
the-effects-of-instructional-events/presentation-prompting-and-practice-variables/practice-variables-and-their-effects/effects-of-overt-versus-covert-practice-responses.md,2,practice-variables-and-their-effects
the-effects-of-instructional-events/presentation-prompting-and-practice-variables/practice-variables-and-their-effects/effects-of-constructed-versus-selection-responses.md,2,practice-variables-and-their-effects
the-effects-of-instructional-events/presentation-prompting-and-practice-variables/practice-variables-and-their-effects/effects-of-variations-in-response-size-and-response-effort.md,2,practice-variables-and-their-effects
the-effects-of-instructional-events/presentation-prompting-and-practice-variables/practice-variables-and-their-effects/effects-of-variations-in-the-match-between-response-mode-and-intended-learning-outcome.md,2,practice-variables-and-their-effects
the-effects-of-instructional-events/presentation-prompting-and-practice-variables/practice-variables-and-their-effects/effects-of-untimed-versus-timed-practice.md,2,practice-variables-and-their-effects
the-effects-of-instructional-events/presentation-prompting-and-practice-variables/amount-of-practice-and-its-effects/effects-of-variations-in-the-number-of-practice-opportunities.md,2,amount-of-practice-and-its-effects
the-effects-of-instructional-events/presentation-prompting-and-practice-variables/amount-of-practice-and-its-effects/the-number-of-practice-responses-required-for-acquisition.md,2,amount-of-practice-and-its-effects
the-effects-of-instructional-events/presentation-prompting-and-practice-variables/amount-of-practice-and-its-effects/effects-of-variations-in-exit-criteria.md,2,amount-of-practice-and-its-effects
the-effects-of-instructional-events/presentation-prompting-and-practice-variables/practice-schedules-and-their-effects/effects-of-varying-the-distribution-of-practice-responses-in-time.md,2,practice-schedules-and-their-effects
the-effects-of-instructional-events/presentation-prompting-and-practice-variables/practice-schedules-and-their-effects/effects-of-varying-the-size-of-the-practice-set.md,2,practice-schedules-and-their-effects
the-effects-of-instructional-events/presentation-prompting-and-practice-variables/practice-schedules-and-their-effects/effects-of-varying-the-number-of-practice-opportunities-per-response-per-session.md,2,practice-schedules-and-their-effects
the-effects-of-instructional-events/presentation-prompting-and-practice-variables/practice-schedules-and-their-effects/effects-of-varying-the-interspersal-ratio.md,2,practice-schedules-and-their-effects
the-effects-of-instructional-events/presentation-prompting-and-practice-variables/practice-schedules-and-their-effects/effects-of-massed-versus-spaced-practice.md,2,practice-schedules-and-their-effects
the-effects-of-instructional-events/the-effects-of-contingency-variables/positive-and-negative-reinforcement-and-punishment-contingencies/effects-of-two-term-versus-three-term-learning-interactions.md,2,positive-and-negative-reinforcement-and-punishment-contingencies
the-effects-of-instructional-events/the-effects-of-contingency-variables/positive-and-negative-reinforcement-and-punishment-contingencies/effects-of-reinforcement-versus-punishment-contingencies.md,2,positive-and-negative-reinforcement-and-punishment-contingencies
the-effects-of-instructional-events/the-effects-of-contingency-variables/positive-and-negative-reinforcement-and-punishment-contingencies/effects-of-positive-versus-negative-contingencies.md,2,positive-and-negative-reinforcement-and-punishment-contingencies
the-effects-of-instructional-events/the-effects-of-contingency-variables/positive-and-negative-reinforcement-and-punishment-contingencies/effects-of-variations-in-the-timing-of-consequences.md,2,positive-and-negative-reinforcement-and-punishment-contingencies
the-effects-of-instructional-events/the-effects-of-contingency-variables/positive-reinforcement-contingencies-and-their-effects/effects-of-biological-reinforcers.md,2,positive-reinforcement-contingencies-and-their-effects
the-effects-of-instructional-events/the-effects-of-contingency-variables/positive-reinforcement-contingencies-and-their-effects/effects-of-natural-reinforcers.md,2,positive-reinforcement-contingencies-and-their-effects
the-effects-of-instructional-events/the-effects-of-contingency-variables/positive-reinforcement-contingencies-and-their-effects/premack-s-rule.md,2,positive-reinforcement-contingencies-and-their-effects
the-effects-of-instructional-events/the-effects-of-contingency-variables/positive-reinforcement-contingencies-and-their-effects/effects-of-social-reinforcement.md,2,positive-reinforcement-contingencies-and-their-effects
the-effects-of-instructional-events/the-effects-of-contingency-variables/positive-reinforcement-contingencies-and-their-effects/effects-of-positive-feedback.md,2,positive-reinforcement-contingencies-and-their-effects
the-effects-of-instructional-events/the-effects-of-contingency-variables/negative-reinforcement-contingencies-and-their-effects/effects-of-escape-contingencies.md,2,negative-reinforcement-contingencies-and-their-effects
the-effects-of-instructional-events/the-effects-of-contingency-variables/negative-reinforcement-contingencies-and-their-effects/effects-of-avoidance-contingencies.md,2,negative-reinforcement-contingencies-and-their-effects
the-effects-of-instructional-events/the-effects-of-contingency-variables/positive-punishment-contingencies-and-their-effects/effects-of-biological-punishers.md,2,positive-punishment-contingencies-and-their-effects
the-effects-of-instructional-events/the-effects-of-contingency-variables/positive-punishment-contingencies-and-their-effects/effects-of-naturally-occurring-aversive-consequences.md,2,positive-punishment-contingencies-and-their-effects
the-effects-of-instructional-events/the-effects-of-contingency-variables/positive-punishment-contingencies-and-their-effects/effects-of-effortful-tasks-as-consequences.md,2,positive-punishment-contingencies-and-their-effects
the-effects-of-instructional-events/the-effects-of-contingency-variables/positive-punishment-contingencies-and-their-effects/effects-of-negative-social-reactions.md,2,positive-punishment-contingencies-and-their-effects
the-effects-of-instructional-events/the-effects-of-contingency-variables/positive-punishment-contingencies-and-their-effects/effects-of-negative-feedback.md,2,positive-punishment-contingencies-and-their-effects
the-effects-of-instructional-events/the-effects-of-contingency-variables/negative-punishment-contingencies-and-their-effects/effects-of-response-cost-contingencies.md,2,negative-punishment-contingencies-and-their-effects
the-effects-of-instructional-events/the-effects-of-contingency-variables/negative-punishment-contingencies-and-their-effects/effects-of-time-out-from-reinforcement.md,2,negative-punishment-contingencies-and-their-effects
the-effects-of-instructional-events/the-effects-of-contingency-variables/effects-of-removing-a-pre-existing-contingency/effects-of-removing-a-punishment-contingency-recovery.md,2,effects-of-removing-a-pre-existing-contingency
the-effects-of-instructional-events/the-effects-of-contingency-variables/effects-of-removing-a-pre-existing-contingency/effects-of-removing-a-reinforcement-contingency-extinction.md,2,effects-of-removing-a-pre-existing-contingency
the-effects-of-instructional-events/the-effects-of-contingency-variables/the-reinforcement-or-punishment-of-particular-dimensions-of-performance/effects-of-reinforcing-different-dimensions-of-performance.md,2,the-reinforcement-or-punishment-of-particular-dimensions-of-performance
the-effects-of-instructional-events/the-effects-of-contingency-variables/the-reinforcement-or-punishment-of-particular-dimensions-of-performance/effects-of-reinforcing-improvements-versus-criterion-performance.md,2,the-reinforcement-or-punishment-of-particular-dimensions-of-performance
the-effects-of-instructional-events/the-effects-of-contingency-variables/the-reinforcement-or-punishment-of-particular-dimensions-of-performance/effects-of-reinforcing-task-engagement-versus-accuracy.md,2,the-reinforcement-or-punishment-of-particular-dimensions-of-performance
the-effects-of-instructional-events/the-effects-of-contingency-variables/the-reinforcement-or-punishment-of-particular-dimensions-of-performance/effects-of-time-based-versus-response-based-contingencies.md,2,the-reinforcement-or-punishment-of-particular-dimensions-of-performance
the-effects-of-instructional-events/the-effects-of-contingency-variables/schedules-of-reinforcement-and-punishment/effects-of-continuous-versus-intermittent-schedules-of-consequences.md,2,schedules-of-reinforcement-and-punishment
the-effects-of-instructional-events/the-effects-of-contingency-variables/schedules-of-reinforcement-and-punishment/effects-of-predictable-versus-unpredictable-schedules-of-consequences.md,2,schedules-of-reinforcement-and-punishment
the-effects-of-instructional-events/the-effects-of-contingency-variables/schedules-of-reinforcement-and-punishment/procedures-for-transferring-control-from-continuous-to-intermittent-schedules-and-their-effects.md,2,schedules-of-reinforcement-and-punishment
the-effects-of-instructional-events/the-effects-of-contingency-variables/schedules-of-reinforcement-and-punishment/effect-of-concurrent-schedules-of-reinforcement-for-appropriate-and-inappropriate-behaviour.md,2,schedules-of-reinforcement-and-punishment
the-effects-of-instructional-events/the-effects-of-contingency-variables/schedules-of-reinforcement-and-punishment/effect-of-concurrent-schedules-of-punishment-for-appropriate-and-inappropriate-behaviour.md,2,schedules-of-reinforcement-and-punishment
